Action,Mean Value
S4_CobotDorsiPlantar_L1L2AnteroPosteriorForce,-1066.5651693785644
S4_CobotDorsiPlantar_L1L2MedioLateralForce,48.82567566826304
S4_CobotDorsiPlantar_L1L2ProximoDistalForce,4036.7424064033057
S4_CobotDorsiPlantar_L2L3AnteroPosteriorForce,-485.0387178596588
S4_CobotDorsiPlantar_L2L3MedioLateralForce,2.9769768895449342
S4_CobotDorsiPlantar_L2L3ProximoDistalForce,3737.301254222376
S4_CobotDorsiPlantar_L3L4AnteroPosteriorForce,390.0578737062825
S4_CobotDorsiPlantar_L3L4MedioLateralForce,-64.45794560727086
S4_CobotDorsiPlantar_L3L4ProximoDistalForce,3598.9671009821946
S4_CobotDorsiPlantar_L4L5AnteroPosteriorForce,864.4691344847773
S4_CobotDorsiPlantar_L4L5MedioLateralForce,-45.95215700503931
S4_CobotDorsiPlantar_L4L5ProximoDistalForce,3356.636253798814
S4_CobotDorsiPlantar_L5SacrumAnteroPosteriorForce,1080.1052381524553
S4_CobotDorsiPlantar_L5SacrumMedioLateralForce,-42.293035102667666
S4_CobotDorsiPlantar_L5SacrumProximoDistalForce,3210.7648865144606
S4_CobotHipAbdAdd_L1L2AnteroPosteriorForce,-1045.9870937731287
S4_CobotHipAbdAdd_L1L2MedioLateralForce,-4.090006268385251
S4_CobotHipAbdAdd_L1L2ProximoDistalForce,3898.38846805073
S4_CobotHipAbdAdd_L2L3AnteroPosteriorForce,-497.40561124237973
S4_CobotHipAbdAdd_L2L3MedioLateralForce,-25.053875861450102
S4_CobotHipAbdAdd_L2L3ProximoDistalForce,3631.1992603312488
S4_CobotHipAbdAdd_L3L4AnteroPosteriorForce,376.7467443602443
S4_CobotHipAbdAdd_L3L4MedioLateralForce,-53.43066502027939
S4_CobotHipAbdAdd_L3L4ProximoDistalForce,3537.188324038459
S4_CobotHipAbdAdd_L4L5AnteroPosteriorForce,851.1006150591201
S4_CobotHipAbdAdd_L4L5MedioLateralForce,-34.60996868327122
S4_CobotHipAbdAdd_L4L5ProximoDistalForce,3312.4641805106853
S4_CobotHipAbdAdd_L5SacrumAnteroPosteriorForce,1068.4842784958353
S4_CobotHipAbdAdd_L5SacrumMedioLateralForce,-27.32144365820163
S4_CobotHipAbdAdd_L5SacrumProximoDistalForce,3172.0214488394886
S4_CobotHipFlex_L1L2AnteroPosteriorForce,-1381.6453349229068
S4_CobotHipFlex_L1L2MedioLateralForce,-48.64884915096453
S4_CobotHipFlex_L1L2ProximoDistalForce,4929.0452749214855
S4_CobotHipFlex_L2L3AnteroPosteriorForce,-647.7952302255509
S4_CobotHipFlex_L2L3MedioLateralForce,-51.940509696664215
S4_CobotHipFlex_L2L3ProximoDistalForce,4593.853725486324
S4_CobotHipFlex_L3L4AnteroPosteriorForce,432.44402390909715
S4_CobotHipFlex_L3L4MedioLateralForce,-38.0371131104971
S4_CobotHipFlex_L3L4ProximoDistalForce,4420.095123153238
S4_CobotHipFlex_L4L5AnteroPosteriorForce,1029.0713110410984
S4_CobotHipFlex_L4L5MedioLateralForce,-8.559481567693673
S4_CobotHipFlex_L4L5ProximoDistalForce,4071.2163173606414
S4_CobotHipFlex_L5SacrumAnteroPosteriorForce,1303.6579017886684
S4_CobotHipFlex_L5SacrumMedioLateralForce,5.871852340276519
S4_CobotHipFlex_L5SacrumProximoDistalForce,3885.5014301703127
S4_CobotKneeFlexExtens_L1L2AnteroPosteriorForce,-860.5870970840824
S4_CobotKneeFlexExtens_L1L2MedioLateralForce,-15.623671060050134
S4_CobotKneeFlexExtens_L1L2ProximoDistalForce,3365.724674533169
S4_CobotKneeFlexExtens_L2L3AnteroPosteriorForce,-414.5396932312063
S4_CobotKneeFlexExtens_L2L3MedioLateralForce,-7.516245390079563
S4_CobotKneeFlexExtens_L2L3ProximoDistalForce,3157.2868380888563
S4_CobotKneeFlexExtens_L3L4AnteroPosteriorForce,311.332878309572
S4_CobotKneeFlexExtens_L3L4MedioLateralForce,-25.819550078970305
S4_CobotKneeFlexExtens_L3L4ProximoDistalForce,3090.1589750971243
S4_CobotKneeFlexExtens_L4L5AnteroPosteriorForce,706.4458067293106
S4_CobotKneeFlexExtens_L4L5MedioLateralForce,-5.237346651482421
S4_CobotKneeFlexExtens_L4L5ProximoDistalForce,2920.5218289314785
S4_CobotKneeFlexExtens_L5SacrumAnteroPosteriorForce,915.4856081896295
S4_CobotKneeFlexExtens_L5SacrumMedioLateralForce,20.282384461978864
S4_CobotKneeFlexExtens_L5SacrumProximoDistalForce,2825.8883310589895
S4_CpstHipAbdAdd_L1L2AnteroPosteriorForce,-1363.8549630765451
S4_CpstHipAbdAdd_L1L2MedioLateralForce,123.3979212055654
S4_CpstHipAbdAdd_L1L2ProximoDistalForce,4927.180455396913
S4_CpstHipAbdAdd_L2L3AnteroPosteriorForce,-671.6290075841559
S4_CpstHipAbdAdd_L2L3MedioLateralForce,29.90141738041803
S4_CpstHipAbdAdd_L2L3ProximoDistalForce,4653.430468109752
S4_CpstHipAbdAdd_L3L4AnteroPosteriorForce,456.83640496482633
S4_CpstHipAbdAdd_L3L4MedioLateralForce,-57.3601670038795
S4_CpstHipAbdAdd_L3L4ProximoDistalForce,4474.6137123387225
S4_CpstHipAbdAdd_L4L5AnteroPosteriorForce,1029.4015656002757
S4_CpstHipAbdAdd_L4L5MedioLateralForce,-63.12900818875636
S4_CpstHipAbdAdd_L4L5ProximoDistalForce,4208.682103764777
S4_CpstHipAbdAdd_L5SacrumAnteroPosteriorForce,1291.7890036064637
S4_CpstHipAbdAdd_L5SacrumMedioLateralForce,-57.65503735690869
S4_CpstHipAbdAdd_L5SacrumProximoDistalForce,4080.4536398653795
S4_CpstHipFlex_L1L2AnteroPosteriorForce,-1170.7207223612277
S4_CpstHipFlex_L1L2MedioLateralForce,31.30170381688039
S4_CpstHipFlex_L1L2ProximoDistalForce,4366.631790654195
S4_CpstHipFlex_L2L3AnteroPosteriorForce,-541.8776867694563
S4_CpstHipFlex_L2L3MedioLateralForce,-17.004102404889952
S4_CpstHipFlex_L2L3ProximoDistalForce,4047.913806503494
S4_CpstHipFlex_L3L4AnteroPosteriorForce,411.34045260481827
S4_CpstHipFlex_L3L4MedioLateralForce,-54.99788951468296
S4_CpstHipFlex_L3L4ProximoDistalForce,3894.5480702799787
S4_CpstHipFlex_L4L5AnteroPosteriorForce,906.7964799336584
S4_CpstHipFlex_L4L5MedioLateralForce,-63.28738972600868
S4_CpstHipFlex_L4L5ProximoDistalForce,3627.840130529544
S4_CpstHipFlex_L5SacrumAnteroPosteriorForce,1144.5658763186696
S4_CpstHipFlex_L5SacrumMedioLateralForce,-43.835742615097736
S4_CpstHipFlex_L5SacrumProximoDistalForce,3473.827724196289
S4_CpstKneeRot_L1L2AnteroPosteriorForce,-1323.111650238701
S4_CpstKneeRot_L1L2MedioLateralForce,-30.490319679187333
S4_CpstKneeRot_L1L2ProximoDistalForce,4797.966132971802
S4_CpstKneeRot_L2L3AnteroPosteriorForce,-637.8071461148769
S4_CpstKneeRot_L2L3MedioLateralForce,-67.64450961574714
S4_CpstKneeRot_L2L3ProximoDistalForce,4484.903564128943
S4_CpstKneeRot_L3L4AnteroPosteriorForce,424.25424825390536
S4_CpstKneeRot_L3L4MedioLateralForce,-72.9955967295973
S4_CpstKneeRot_L3L4ProximoDistalForce,4329.424129587465
S4_CpstKneeRot_L4L5AnteroPosteriorForce,987.8651673042216
S4_CpstKneeRot_L4L5MedioLateralForce,-51.34933517863968
S4_CpstKneeRot_L4L5ProximoDistalForce,4046.7405056915154
S4_CpstKneeRot_L5SacrumAnteroPosteriorForce,1268.0004467872307
S4_CpstKneeRot_L5SacrumMedioLateralForce,-25.312281475532718
S4_CpstKneeRot_L5SacrumProximoDistalForce,3901.566579276782
S4_CvtnDorsiPlantar_L1L2AnteroPosteriorForce,-255.6928818843371
S4_CvtnDorsiPlantar_L1L2MedioLateralForce,3.9215639477603705
S4_CvtnDorsiPlantar_L1L2ProximoDistalForce,1083.6177128220722
S4_CvtnDorsiPlantar_L2L3AnteroPosteriorForce,-108.45824648616262
S4_CvtnDorsiPlantar_L2L3MedioLateralForce,-1.6351112302744788
S4_CvtnDorsiPlantar_L2L3ProximoDistalForce,1044.3600246347537
S4_CvtnDorsiPlantar_L3L4AnteroPosteriorForce,164.4895618157491
S4_CvtnDorsiPlantar_L3L4MedioLateralForce,-3.537924917479241
S4_CvtnDorsiPlantar_L3L4ProximoDistalForce,1054.0697877840619
S4_CvtnDorsiPlantar_L4L5AnteroPosteriorForce,333.3935635692464
S4_CvtnDorsiPlantar_L4L5MedioLateralForce,-2.7514041734905357
S4_CvtnDorsiPlantar_L4L5ProximoDistalForce,1038.0118969786931
S4_CvtnDorsiPlantar_L5SacrumAnteroPosteriorForce,393.81284243362757
S4_CvtnDorsiPlantar_L5SacrumMedioLateralForce,-3.981906507276985
S4_CvtnDorsiPlantar_L5SacrumProximoDistalForce,994.0341117641277
S4_CvtnHipAbdAdd_L1L2AnteroPosteriorForce,-1944.6347331826223
S4_CvtnHipAbdAdd_L1L2MedioLateralForce,100.49838838093866
S4_CvtnHipAbdAdd_L1L2ProximoDistalForce,6504.7406312671255
S4_CvtnHipAbdAdd_L2L3AnteroPosteriorForce,-970.5705344282519
S4_CvtnHipAbdAdd_L2L3MedioLateralForce,-2.0718523078400097
S4_CvtnHipAbdAdd_L2L3ProximoDistalForce,6291.82024255585
S4_CvtnHipAbdAdd_L3L4AnteroPosteriorForce,425.39708974590826
S4_CvtnHipAbdAdd_L3L4MedioLateralForce,-85.13873810434075
S4_CvtnHipAbdAdd_L3L4ProximoDistalForce,6181.435437136618
S4_CvtnHipAbdAdd_L4L5AnteroPosteriorForce,1391.5048635402932
S4_CvtnHipAbdAdd_L4L5MedioLateralForce,-53.92054989788444
S4_CvtnHipAbdAdd_L4L5ProximoDistalForce,5991.530112489411
S4_CvtnHipAbdAdd_L5SacrumAnteroPosteriorForce,1790.3595753872517
S4_CvtnHipAbdAdd_L5SacrumMedioLateralForce,-122.17397276760907
S4_CvtnHipAbdAdd_L5SacrumProximoDistalForce,5765.605303349385
S4_CvtnHipFlex_L1L2AnteroPosteriorForce,-1719.7698745773835
S4_CvtnHipFlex_L1L2MedioLateralForce,-97.13485631921871
S4_CvtnHipFlex_L1L2ProximoDistalForce,6242.170293521677
S4_CvtnHipFlex_L2L3AnteroPosteriorForce,-837.1517944461791
S4_CvtnHipFlex_L2L3MedioLateralForce,-44.00977320949636
S4_CvtnHipFlex_L2L3ProximoDistalForce,5966.044275663363
S4_CvtnHipFlex_L3L4AnteroPosteriorForce,397.5576230582829
S4_CvtnHipFlex_L3L4MedioLateralForce,-91.3477636975969
S4_CvtnHipFlex_L3L4ProximoDistalForce,5911.809510857442
S4_CvtnHipFlex_L4L5AnteroPosteriorForce,1299.4655207318556
S4_CvtnHipFlex_L4L5MedioLateralForce,-12.667708353654783
S4_CvtnHipFlex_L4L5ProximoDistalForce,5680.163363066001
S4_CvtnHipFlex_L5SacrumAnteroPosteriorForce,1720.5840167468966
S4_CvtnHipFlex_L5SacrumMedioLateralForce,-34.06519344967981
S4_CvtnHipFlex_L5SacrumProximoDistalForce,5530.500627507775
S4_CvtnKneeFlexExtens_L1L2AnteroPosteriorForce,-1490.1634011506108
S4_CvtnKneeFlexExtens_L1L2MedioLateralForce,-87.1031224316745
S4_CvtnKneeFlexExtens_L1L2ProximoDistalForce,5381.383754646918
S4_CvtnKneeFlexExtens_L2L3AnteroPosteriorForce,-718.6531072357302
S4_CvtnKneeFlexExtens_L2L3MedioLateralForce,-46.64339009892583
S4_CvtnKneeFlexExtens_L2L3ProximoDistalForce,5039.169892019107
S4_CvtnKneeFlexExtens_L3L4AnteroPosteriorForce,443.9248554905372
S4_CvtnKneeFlexExtens_L3L4MedioLateralForce,6.847623097841386
S4_CvtnKneeFlexExtens_L3L4ProximoDistalForce,4851.173193015315
S4_CvtnKneeFlexExtens_L4L5AnteroPosteriorForce,1069.8577267305382
S4_CvtnKneeFlexExtens_L4L5MedioLateralForce,41.98206724854657
S4_CvtnKneeFlexExtens_L4L5ProximoDistalForce,4586.035305614501
S4_CvtnKneeFlexExtens_L5SacrumAnteroPosteriorForce,1418.5244412357542
S4_CvtnKneeFlexExtens_L5SacrumMedioLateralForce,36.60082321088635
S4_CvtnKneeFlexExtens_L5SacrumProximoDistalForce,4450.658347069577
S4_CvtnKneeRot_L1L2AnteroPosteriorForce,-1282.0965895499248
S4_CvtnKneeRot_L1L2MedioLateralForce,39.22798564056517
S4_CvtnKneeRot_L1L2ProximoDistalForce,4803.62078981694
S4_CvtnKneeRot_L2L3AnteroPosteriorForce,-549.13193964214
S4_CvtnKneeRot_L2L3MedioLateralForce,33.538059841801356
S4_CvtnKneeRot_L2L3ProximoDistalForce,4440.562205804523
S4_CvtnKneeRot_L3L4AnteroPosteriorForce,485.13221453190295
S4_CvtnKneeRot_L3L4MedioLateralForce,27.681180173469556
S4_CvtnKneeRot_L3L4ProximoDistalForce,4233.276282140863
S4_CvtnKneeRot_L4L5AnteroPosteriorForce,1046.7907858976846
S4_CvtnKneeRot_L4L5MedioLateralForce,20.223932249111535
S4_CvtnKneeRot_L4L5ProximoDistalForce,3914.3483099263694
S4_CvtnKneeRot_L5SacrumAnteroPosteriorForce,1303.0606100256553
S4_CvtnKneeRot_L5SacrumMedioLateralForce,1.1481769582627885
S4_CvtnKneeRot_L5SacrumProximoDistalForce,3752.7586929129225
S5_CobotDorsiPlantar_L1L2AnteroPosteriorForce,-1300.8626517111863
S5_CobotDorsiPlantar_L1L2MedioLateralForce,68.60024403373507
S5_CobotDorsiPlantar_L1L2ProximoDistalForce,4592.885196632391
S5_CobotDorsiPlantar_L2L3AnteroPosteriorForce,-621.6974652677923
S5_CobotDorsiPlantar_L2L3MedioLateralForce,22.890133493451913
S5_CobotDorsiPlantar_L2L3ProximoDistalForce,4266.708414500825
S5_CobotDorsiPlantar_L3L4AnteroPosteriorForce,416.4699628009011
S5_CobotDorsiPlantar_L3L4MedioLateralForce,-15.283432663573132
S5_CobotDorsiPlantar_L3L4ProximoDistalForce,4130.603403245297
S5_CobotDorsiPlantar_L4L5AnteroPosteriorForce,981.0187269557216
S5_CobotDorsiPlantar_L4L5MedioLateralForce,-33.22598544628469
S5_CobotDorsiPlantar_L4L5ProximoDistalForce,3788.546616337035
S5_CobotDorsiPlantar_L5SacrumAnteroPosteriorForce,1227.9188530564427
S5_CobotDorsiPlantar_L5SacrumMedioLateralForce,-28.01996059492057
S5_CobotDorsiPlantar_L5SacrumProximoDistalForce,3630.655068266337
S5_CobotHipAbdAdd_L1L2AnteroPosteriorForce,-1120.2587300219188
S5_CobotHipAbdAdd_L1L2MedioLateralForce,-9.054455192512396
S5_CobotHipAbdAdd_L1L2ProximoDistalForce,4216.033857589745
S5_CobotHipAbdAdd_L2L3AnteroPosteriorForce,-506.07047249346226
S5_CobotHipAbdAdd_L2L3MedioLateralForce,-4.603535647517307
S5_CobotHipAbdAdd_L2L3ProximoDistalForce,3905.9580851309706
S5_CobotHipAbdAdd_L3L4AnteroPosteriorForce,399.12424606006203
S5_CobotHipAbdAdd_L3L4MedioLateralForce,2.1943990989450315
S5_CobotHipAbdAdd_L3L4ProximoDistalForce,3766.8162963962814
S5_CobotHipAbdAdd_L4L5AnteroPosteriorForce,900.4935415650277
S5_CobotHipAbdAdd_L4L5MedioLateralForce,-0.04976566166403483
S5_CobotHipAbdAdd_L4L5ProximoDistalForce,3478.162399936329
S5_CobotHipAbdAdd_L5SacrumAnteroPosteriorForce,1143.0098164665408
S5_CobotHipAbdAdd_L5SacrumMedioLateralForce,14.602517468014426
S5_CobotHipAbdAdd_L5SacrumProximoDistalForce,3244.6702110942174
S5_CobotHipFlex_L1L2AnteroPosteriorForce,-1129.1101809443571
S5_CobotHipFlex_L1L2MedioLateralForce,-76.21072471987202
S5_CobotHipFlex_L1L2ProximoDistalForce,4132.48396818601
S5_CobotHipFlex_L2L3AnteroPosteriorForce,-541.3776224476245
S5_CobotHipFlex_L2L3MedioLateralForce,-48.73389263398747
S5_CobotHipFlex_L2L3ProximoDistalForce,3860.5287953566085
S5_CobotHipFlex_L3L4AnteroPosteriorForce,400.75273926216954
S5_CobotHipFlex_L3L4MedioLateralForce,-13.123533744617445
S5_CobotHipFlex_L3L4ProximoDistalForce,3752.3517627052165
S5_CobotHipFlex_L4L5AnteroPosteriorForce,888.6362994763266
S5_CobotHipFlex_L4L5MedioLateralForce,8.535967510973594
S5_CobotHipFlex_L4L5ProximoDistalForce,3479.61523218961
S5_CobotHipFlex_L5SacrumAnteroPosteriorForce,1104.0483217953597
S5_CobotHipFlex_L5SacrumMedioLateralForce,13.623463217689403
S5_CobotHipFlex_L5SacrumProximoDistalForce,3353.253744929432
S5_CobotKneeFlexExtens_L1L2AnteroPosteriorForce,-1664.6403785092082
S5_CobotKneeFlexExtens_L1L2MedioLateralForce,0.4322922696161916
S5_CobotKneeFlexExtens_L1L2ProximoDistalForce,5522.512712323356
S5_CobotKneeFlexExtens_L2L3AnteroPosteriorForce,-1012.9044694441478
S5_CobotKneeFlexExtens_L2L3MedioLateralForce,159.43509622929884
S5_CobotKneeFlexExtens_L2L3ProximoDistalForce,5673.327439902861
S5_CobotKneeFlexExtens_L3L4AnteroPosteriorForce,372.2818110519538
S5_CobotKneeFlexExtens_L3L4MedioLateralForce,199.8049054571824
S5_CobotKneeFlexExtens_L3L4ProximoDistalForce,5761.188040580345
S5_CobotKneeFlexExtens_L4L5AnteroPosteriorForce,1126.6097234732451
S5_CobotKneeFlexExtens_L4L5MedioLateralForce,131.05011149136
S5_CobotKneeFlexExtens_L4L5ProximoDistalForce,5551.326528656437
S5_CobotKneeFlexExtens_L5SacrumAnteroPosteriorForce,1509.353429023035
S5_CobotKneeFlexExtens_L5SacrumMedioLateralForce,111.4441884717105
S5_CobotKneeFlexExtens_L5SacrumProximoDistalForce,5512.2327847862925
S5_CpstHipAbdAdd_L1L2AnteroPosteriorForce,-1030.1313195355822
S5_CpstHipAbdAdd_L1L2MedioLateralForce,49.78566023915341
S5_CpstHipAbdAdd_L1L2ProximoDistalForce,3847.2147222580356
S5_CpstHipAbdAdd_L2L3AnteroPosteriorForce,-469.1585650869343
S5_CpstHipAbdAdd_L2L3MedioLateralForce,28.49538451013232
S5_CpstHipAbdAdd_L2L3ProximoDistalForce,3582.542752228777
S5_CpstHipAbdAdd_L3L4AnteroPosteriorForce,371.2399588359484
S5_CpstHipAbdAdd_L3L4MedioLateralForce,13.454705860848886
S5_CpstHipAbdAdd_L3L4ProximoDistalForce,3469.3087351832396
S5_CpstHipAbdAdd_L4L5AnteroPosteriorForce,823.7659461475066
S5_CpstHipAbdAdd_L4L5MedioLateralForce,-16.18518034216097
S5_CpstHipAbdAdd_L4L5ProximoDistalForce,3236.267277961493
S5_CpstHipAbdAdd_L5SacrumAnteroPosteriorForce,1023.1380141482852
S5_CpstHipAbdAdd_L5SacrumMedioLateralForce,-23.501469148017623
S5_CpstHipAbdAdd_L5SacrumProximoDistalForce,3121.6346915521663
S5_CpstHipFlex_L1L2AnteroPosteriorForce,-1343.7279768253215
S5_CpstHipFlex_L1L2MedioLateralForce,7.5309870782188595
S5_CpstHipFlex_L1L2ProximoDistalForce,4822.739806226652
S5_CpstHipFlex_L2L3AnteroPosteriorForce,-612.2807509885338
S5_CpstHipFlex_L2L3MedioLateralForce,16.756667216396885
S5_CpstHipFlex_L2L3ProximoDistalForce,4587.007282163318
S5_CpstHipFlex_L3L4AnteroPosteriorForce,407.5901617382082
S5_CpstHipFlex_L3L4MedioLateralForce,34.36784287525602
S5_CpstHipFlex_L3L4ProximoDistalForce,4470.407277074046
S5_CpstHipFlex_L4L5AnteroPosteriorForce,1035.8374916679097
S5_CpstHipFlex_L4L5MedioLateralForce,-10.17642848392038
S5_CpstHipFlex_L4L5ProximoDistalForce,4254.689824249467
S5_CpstHipFlex_L5SacrumAnteroPosteriorForce,1290.893244400483
S5_CpstHipFlex_L5SacrumMedioLateralForce,9.813524963502143
S5_CpstHipFlex_L5SacrumProximoDistalForce,4186.4837324119
S5_CpstKneeRot_L1L2AnteroPosteriorForce,-1676.4087804731216
S5_CpstKneeRot_L1L2MedioLateralForce,-50.05256871166025
S5_CpstKneeRot_L1L2ProximoDistalForce,6023.031439842112
S5_CpstKneeRot_L2L3AnteroPosteriorForce,-834.6274910071912
S5_CpstKneeRot_L2L3MedioLateralForce,-100.2860916864345
S5_CpstKneeRot_L2L3ProximoDistalForce,5650.339758030144
S5_CpstKneeRot_L3L4AnteroPosteriorForce,460.3619574840481
S5_CpstKneeRot_L3L4MedioLateralForce,-63.559303383739
S5_CpstKneeRot_L3L4ProximoDistalForce,5500.885899891431
S5_CpstKneeRot_L4L5AnteroPosteriorForce,1164.4174040861744
S5_CpstKneeRot_L4L5MedioLateralForce,-35.406970530428005
S5_CpstKneeRot_L4L5ProximoDistalForce,5297.764611883579
S5_CpstKneeRot_L5SacrumAnteroPosteriorForce,1568.621157373198
S5_CpstKneeRot_L5SacrumMedioLateralForce,17.95825925240676
S5_CpstKneeRot_L5SacrumProximoDistalForce,5221.510594793215
S5_CvtnDorsiPlantar_L1L2AnteroPosteriorForce,-972.2192853496614
S5_CvtnDorsiPlantar_L1L2MedioLateralForce,92.93085746160247
S5_CvtnDorsiPlantar_L1L2ProximoDistalForce,4689.79813913667
S5_CvtnDorsiPlantar_L2L3AnteroPosteriorForce,-419.50805237297124
S5_CvtnDorsiPlantar_L2L3MedioLateralForce,67.6103848474891
S5_CvtnDorsiPlantar_L2L3ProximoDistalForce,4216.315453129676
S5_CvtnDorsiPlantar_L3L4AnteroPosteriorForce,454.26915587694106
S5_CvtnDorsiPlantar_L3L4MedioLateralForce,33.01059523775668
S5_CvtnDorsiPlantar_L3L4ProximoDistalForce,4227.9740201146005
S5_CvtnDorsiPlantar_L4L5AnteroPosteriorForce,1098.2248267126731
S5_CvtnDorsiPlantar_L4L5MedioLateralForce,3.3969209464282266
S5_CvtnDorsiPlantar_L4L5ProximoDistalForce,6812.487326475167
S5_CvtnDorsiPlantar_L5SacrumAnteroPosteriorForce,2143.9780375786245
S5_CvtnDorsiPlantar_L5SacrumMedioLateralForce,-17.629180263686774
S5_CvtnDorsiPlantar_L5SacrumProximoDistalForce,6487.662218236884
S5_CvtnHipAbdAdd_L1L2AnteroPosteriorForce,-1755.017677317574
S5_CvtnHipAbdAdd_L1L2MedioLateralForce,-136.81359838905723
S5_CvtnHipAbdAdd_L1L2ProximoDistalForce,6126.622843176052
S5_CvtnHipAbdAdd_L2L3AnteroPosteriorForce,-901.2955027906105
S5_CvtnHipAbdAdd_L2L3MedioLateralForce,-127.66267895485295
S5_CvtnHipAbdAdd_L2L3ProximoDistalForce,5908.1390039005655
S5_CvtnHipAbdAdd_L3L4AnteroPosteriorForce,380.9020262720921
S5_CvtnHipAbdAdd_L3L4MedioLateralForce,-52.66326673910492
S5_CvtnHipAbdAdd_L3L4ProximoDistalForce,5964.344884535805
S5_CvtnHipAbdAdd_L4L5AnteroPosteriorForce,1255.7285683224734
S5_CvtnHipAbdAdd_L4L5MedioLateralForce,25.85765429070342
S5_CvtnHipAbdAdd_L4L5ProximoDistalForce,5824.665761230635
S5_CvtnHipAbdAdd_L5SacrumAnteroPosteriorForce,1675.9282853933614
S5_CvtnHipAbdAdd_L5SacrumMedioLateralForce,45.587017427804035
S5_CvtnHipAbdAdd_L5SacrumProximoDistalForce,5791.746031050314
S5_CvtnHipFlex_L1L2AnteroPosteriorForce,-1539.4061153555251
S5_CvtnHipFlex_L1L2MedioLateralForce,-183.84072630332713
S5_CvtnHipFlex_L1L2ProximoDistalForce,5322.015953970658
S5_CvtnHipFlex_L2L3AnteroPosteriorForce,-730.1862273463124
S5_CvtnHipFlex_L2L3MedioLateralForce,-98.35351162678172
S5_CvtnHipFlex_L2L3ProximoDistalForce,5088.483624009161
S5_CvtnHipFlex_L3L4AnteroPosteriorForce,393.2691871600068
S5_CvtnHipFlex_L3L4MedioLateralForce,5.361525769997771
S5_CvtnHipFlex_L3L4ProximoDistalForce,4958.765518793072
S5_CvtnHipFlex_L4L5AnteroPosteriorForce,1071.4872988963846
S5_CvtnHipFlex_L4L5MedioLateralForce,110.52381441455083
S5_CvtnHipFlex_L4L5ProximoDistalForce,4752.377457089267
S5_CvtnHipFlex_L5SacrumAnteroPosteriorForce,1406.748450434527
S5_CvtnHipFlex_L5SacrumMedioLateralForce,115.3482863151477
S5_CvtnHipFlex_L5SacrumProximoDistalForce,4631.696375156725
S5_CvtnKneeFlexExtens_L1L2AnteroPosteriorForce,-1539.4061153555251
S5_CvtnKneeFlexExtens_L1L2MedioLateralForce,-183.84072630332713
S5_CvtnKneeFlexExtens_L1L2ProximoDistalForce,5322.015953970658
S5_CvtnKneeFlexExtens_L2L3AnteroPosteriorForce,-730.1862273463124
S5_CvtnKneeFlexExtens_L2L3MedioLateralForce,-98.35351162678172
S5_CvtnKneeFlexExtens_L2L3ProximoDistalForce,5088.483624009161
S5_CvtnKneeFlexExtens_L3L4AnteroPosteriorForce,393.2691871600068
S5_CvtnKneeFlexExtens_L3L4MedioLateralForce,5.361525769997771
S5_CvtnKneeFlexExtens_L3L4ProximoDistalForce,4958.765518793072
S5_CvtnKneeFlexExtens_L4L5AnteroPosteriorForce,1071.4872988963846
S5_CvtnKneeFlexExtens_L4L5MedioLateralForce,110.52381441455083
S5_CvtnKneeFlexExtens_L4L5ProximoDistalForce,4752.377457089267
S5_CvtnKneeFlexExtens_L5SacrumAnteroPosteriorForce,1406.748450434527
S5_CvtnKneeFlexExtens_L5SacrumMedioLateralForce,115.3482863151477
S5_CvtnKneeFlexExtens_L5SacrumProximoDistalForce,4631.696375156725
S5_CvtnKneeRot_L1L2AnteroPosteriorForce,-1575.6286282919216
S5_CvtnKneeRot_L1L2MedioLateralForce,-161.97864194703232
S5_CvtnKneeRot_L1L2ProximoDistalForce,5625.093668594525
S5_CvtnKneeRot_L2L3AnteroPosteriorForce,-730.8933070053035
S5_CvtnKneeRot_L2L3MedioLateralForce,-109.20728110352431
S5_CvtnKneeRot_L2L3ProximoDistalForce,5293.07008829332
S5_CvtnKneeRot_L3L4AnteroPosteriorForce,432.3913925169611
S5_CvtnKneeRot_L3L4MedioLateralForce,-9.786812181817648
S5_CvtnKneeRot_L3L4ProximoDistalForce,5191.821245249274
S5_CvtnKneeRot_L4L5AnteroPosteriorForce,1124.3304275899386
S5_CvtnKneeRot_L4L5MedioLateralForce,73.04054765290712
S5_CvtnKneeRot_L4L5ProximoDistalForce,4936.368893453826
S5_CvtnKneeRot_L5SacrumAnteroPosteriorForce,1478.3669216027706
S5_CvtnKneeRot_L5SacrumMedioLateralForce,94.84513257637532
S5_CvtnKneeRot_L5SacrumProximoDistalForce,4814.297840938375
S6_CobotDorsiPlantar_L1L2AnteroPosteriorForce,-684.3504107793084
S6_CobotDorsiPlantar_L1L2MedioLateralForce,56.30631598114682
S6_CobotDorsiPlantar_L1L2ProximoDistalForce,2683.5280892997625
S6_CobotDorsiPlantar_L2L3AnteroPosteriorForce,-335.2464120979274
S6_CobotDorsiPlantar_L2L3MedioLateralForce,41.77710991789097
S6_CobotDorsiPlantar_L2L3ProximoDistalForce,2531.9526394955283
S6_CobotDorsiPlantar_L3L4AnteroPosteriorForce,285.18942141473315
S6_CobotDorsiPlantar_L3L4MedioLateralForce,-6.092357590135365
S6_CobotDorsiPlantar_L3L4ProximoDistalForce,2493.9009933477055
S6_CobotDorsiPlantar_L4L5AnteroPosteriorForce,621.1115677852241
S6_CobotDorsiPlantar_L4L5MedioLateralForce,-15.514300659801624
S6_CobotDorsiPlantar_L4L5ProximoDistalForce,2379.147124415748
S6_CobotDorsiPlantar_L5SacrumAnteroPosteriorForce,765.0493197138984
S6_CobotDorsiPlantar_L5SacrumMedioLateralForce,-34.783506108434246
S6_CobotDorsiPlantar_L5SacrumProximoDistalForce,2296.2845799527163
S6_CobotHipAbdAdd_L1L2AnteroPosteriorForce,-708.5831345375669
S6_CobotHipAbdAdd_L1L2MedioLateralForce,23.93636802601197
S6_CobotHipAbdAdd_L1L2ProximoDistalForce,2747.0632799786927
S6_CobotHipAbdAdd_L2L3AnteroPosteriorForce,-346.2083448681177
S6_CobotHipAbdAdd_L2L3MedioLateralForce,20.860187612432785
S6_CobotHipAbdAdd_L2L3ProximoDistalForce,2589.4909938922656
S6_CobotHipAbdAdd_L3L4AnteroPosteriorForce,297.01645189086526
S6_CobotHipAbdAdd_L3L4MedioLateralForce,1.2422632527941664
S6_CobotHipAbdAdd_L3L4ProximoDistalForce,2559.993672251768
S6_CobotHipAbdAdd_L4L5AnteroPosteriorForce,658.2293130739316
S6_CobotHipAbdAdd_L4L5MedioLateralForce,-0.07184459733838776
S6_CobotHipAbdAdd_L4L5ProximoDistalForce,2432.005333553461
S6_CobotHipAbdAdd_L5SacrumAnteroPosteriorForce,802.4142495783474
S6_CobotHipAbdAdd_L5SacrumMedioLateralForce,-6.478036648503514
S6_CobotHipAbdAdd_L5SacrumProximoDistalForce,2326.2786197749447
S6_CobotHipFlex_L1L2AnteroPosteriorForce,-639.9485342113411
S6_CobotHipFlex_L1L2MedioLateralForce,21.449077594696636
S6_CobotHipFlex_L1L2ProximoDistalForce,2528.373552919736
S6_CobotHipFlex_L2L3AnteroPosteriorForce,-298.22010980985164
S6_CobotHipFlex_L2L3MedioLateralForce,21.2601888652421
S6_CobotHipFlex_L2L3ProximoDistalForce,2384.517559615682
S6_CobotHipFlex_L3L4AnteroPosteriorForce,279.079704928833
S6_CobotHipFlex_L3L4MedioLateralForce,1.9752010263510258
S6_CobotHipFlex_L3L4ProximoDistalForce,2350.1415806728937
S6_CobotHipFlex_L4L5AnteroPosteriorForce,602.5637087586489
S6_CobotHipFlex_L4L5MedioLateralForce,0.2506300545583808
S6_CobotHipFlex_L4L5ProximoDistalForce,2241.436044425653
S6_CobotHipFlex_L5SacrumAnteroPosteriorForce,734.2024740688348
S6_CobotHipFlex_L5SacrumMedioLateralForce,2.043860398335184
S6_CobotHipFlex_L5SacrumProximoDistalForce,2154.69907348183
S6_CobotKneeFlexExtens_L1L2AnteroPosteriorForce,-834.1188411803201
S6_CobotKneeFlexExtens_L1L2MedioLateralForce,45.147752509423356
S6_CobotKneeFlexExtens_L1L2ProximoDistalForce,3251.739304754439
S6_CobotKneeFlexExtens_L2L3AnteroPosteriorForce,-394.65716917873465
S6_CobotKneeFlexExtens_L2L3MedioLateralForce,-0.012497746578216375
S6_CobotKneeFlexExtens_L2L3ProximoDistalForce,3047.727290965092
S6_CobotKneeFlexExtens_L3L4AnteroPosteriorForce,289.9869746155201
S6_CobotKneeFlexExtens_L3L4MedioLateralForce,-41.68499433808289
S6_CobotKneeFlexExtens_L3L4ProximoDistalForce,3086.061323933977
S6_CobotKneeFlexExtens_L4L5AnteroPosteriorForce,656.721416271223
S6_CobotKneeFlexExtens_L4L5MedioLateralForce,-26.800683391252786
S6_CobotKneeFlexExtens_L4L5ProximoDistalForce,2948.9474709671
S6_CobotKneeFlexExtens_L5SacrumAnteroPosteriorForce,845.6471223190212
S6_CobotKneeFlexExtens_L5SacrumMedioLateralForce,-42.764277894315434
S6_CobotKneeFlexExtens_L5SacrumProximoDistalForce,2879.2521969551754
S6_CpstHipAbdAdd_L1L2AnteroPosteriorForce,-1055.0303007778825
S6_CpstHipAbdAdd_L1L2MedioLateralForce,18.969553841981114
S6_CpstHipAbdAdd_L1L2ProximoDistalForce,3810.7303312418167
S6_CpstHipAbdAdd_L2L3AnteroPosteriorForce,-488.85026439507214
S6_CpstHipAbdAdd_L2L3MedioLateralForce,-5.666613027499597
S6_CpstHipAbdAdd_L2L3ProximoDistalForce,3553.3587010989654
S6_CpstHipAbdAdd_L3L4AnteroPosteriorForce,409.669261981076
S6_CpstHipAbdAdd_L3L4MedioLateralForce,-20.35693716460534
S6_CpstHipAbdAdd_L3L4ProximoDistalForce,3468.522486612477
S6_CpstHipAbdAdd_L4L5AnteroPosteriorForce,887.6965816642492
S6_CpstHipAbdAdd_L4L5MedioLateralForce,-37.34252664793035
S6_CpstHipAbdAdd_L4L5ProximoDistalForce,3219.614802448104
S6_CpstHipAbdAdd_L5SacrumAnteroPosteriorForce,1059.334054601751
S6_CpstHipAbdAdd_L5SacrumMedioLateralForce,-32.60735439537798
S6_CpstHipAbdAdd_L5SacrumProximoDistalForce,3084.2254457934077
S6_CpstHipFlex_L1L2AnteroPosteriorForce,-653.3033077673782
S6_CpstHipFlex_L1L2MedioLateralForce,0.7211033357515504
S6_CpstHipFlex_L1L2ProximoDistalForce,2463.3416613260965
S6_CpstHipFlex_L2L3AnteroPosteriorForce,-317.6342489381829
S6_CpstHipFlex_L2L3MedioLateralForce,1.215745688335507
S6_CpstHipFlex_L2L3ProximoDistalForce,2352.7621351720954
S6_CpstHipFlex_L3L4AnteroPosteriorForce,279.5053746135618
S6_CpstHipFlex_L3L4MedioLateralForce,4.972465305609153
S6_CpstHipFlex_L3L4ProximoDistalForce,2359.1173220578
S6_CpstHipFlex_L4L5AnteroPosteriorForce,597.6975279675107
S6_CpstHipFlex_L4L5MedioLateralForce,-7.60249697220622
S6_CpstHipFlex_L4L5ProximoDistalForce,2234.862027357234
S6_CpstHipFlex_L5SacrumAnteroPosteriorForce,715.8265068171102
S6_CpstHipFlex_L5SacrumMedioLateralForce,-2.5944932463310444
S6_CpstHipFlex_L5SacrumProximoDistalForce,2160.2397771544834
S6_CpstKneeRot_L1L2AnteroPosteriorForce,-629.560200507955
S6_CpstKneeRot_L1L2MedioLateralForce,30.47812883880381
S6_CpstKneeRot_L1L2ProximoDistalForce,2359.736168472289
S6_CpstKneeRot_L2L3AnteroPosteriorForce,-314.9723494719421
S6_CpstKneeRot_L2L3MedioLateralForce,27.33652656910712
S6_CpstKneeRot_L2L3ProximoDistalForce,2240.5796894646155
S6_CpstKneeRot_L3L4AnteroPosteriorForce,243.64379516052495
S6_CpstKneeRot_L3L4MedioLateralForce,5.183756062663929
S6_CpstKneeRot_L3L4ProximoDistalForce,2230.7366078277223
S6_CpstKneeRot_L4L5AnteroPosteriorForce,555.8329343998183
S6_CpstKneeRot_L4L5MedioLateralForce,-6.905589619801554
S6_CpstKneeRot_L4L5ProximoDistalForce,2114.8969027534044
S6_CpstKneeRot_L5SacrumAnteroPosteriorForce,689.3086505180341
S6_CpstKneeRot_L5SacrumMedioLateralForce,-0.11582665249854464
S6_CpstKneeRot_L5SacrumProximoDistalForce,2032.743376561209
S6_CvtnDorsiPlantar_L1L2AnteroPosteriorForce,-1165.537367566798
S6_CvtnDorsiPlantar_L1L2MedioLateralForce,184.5333700878382
S6_CvtnDorsiPlantar_L1L2ProximoDistalForce,4091.097977901928
S6_CvtnDorsiPlantar_L2L3AnteroPosteriorForce,-561.7586193301137
S6_CvtnDorsiPlantar_L2L3MedioLateralForce,112.17299241535835
S6_CvtnDorsiPlantar_L2L3ProximoDistalForce,3881.276727487838
S6_CvtnDorsiPlantar_L3L4AnteroPosteriorForce,366.96107179071765
S6_CvtnDorsiPlantar_L3L4MedioLateralForce,38.55240557086477
S6_CvtnDorsiPlantar_L3L4ProximoDistalForce,3804.1410548408285
S6_CvtnDorsiPlantar_L4L5AnteroPosteriorForce,907.9609197506113
S6_CvtnDorsiPlantar_L4L5MedioLateralForce,-29.590713196923645
S6_CvtnDorsiPlantar_L4L5ProximoDistalForce,3566.1627615816496
S6_CvtnDorsiPlantar_L5SacrumAnteroPosteriorForce,1129.1914957374472
S6_CvtnDorsiPlantar_L5SacrumMedioLateralForce,-64.11506686600663
S6_CvtnDorsiPlantar_L5SacrumProximoDistalForce,3469.636744567725
S6_CvtnHipAbdAdd_L1L2AnteroPosteriorForce,-682.9912101687065
S6_CvtnHipAbdAdd_L1L2MedioLateralForce,4.57479329470888
S6_CvtnHipAbdAdd_L1L2ProximoDistalForce,2546.1518472837356
S6_CvtnHipAbdAdd_L2L3AnteroPosteriorForce,-351.6125486958602
S6_CvtnHipAbdAdd_L2L3MedioLateralForce,2.3395667160121882
S6_CvtnHipAbdAdd_L2L3ProximoDistalForce,2426.3931298531106
S6_CvtnHipAbdAdd_L3L4AnteroPosteriorForce,272.20553669641697
S6_CvtnHipAbdAdd_L3L4MedioLateralForce,-19.25314186761252
S6_CvtnHipAbdAdd_L3L4ProximoDistalForce,2430.4985006117854
S6_CvtnHipAbdAdd_L4L5AnteroPosteriorForce,608.8592750367773
S6_CvtnHipAbdAdd_L4L5MedioLateralForce,-10.315334070523292
S6_CvtnHipAbdAdd_L4L5ProximoDistalForce,2304.887483731823
S6_CvtnHipAbdAdd_L5SacrumAnteroPosteriorForce,742.3250539570472
S6_CvtnHipAbdAdd_L5SacrumMedioLateralForce,-6.642572589079311
S6_CvtnHipAbdAdd_L5SacrumProximoDistalForce,2224.4904568151073
S6_CvtnHipFlex_L1L2AnteroPosteriorForce,-949.4061057782362
S6_CvtnHipFlex_L1L2MedioLateralForce,-3.8452903067007798
S6_CvtnHipFlex_L1L2ProximoDistalForce,3516.004611004452
S6_CvtnHipFlex_L2L3AnteroPosteriorForce,-446.4075348432626
S6_CvtnHipFlex_L2L3MedioLateralForce,5.3806437047866815
S6_CvtnHipFlex_L2L3ProximoDistalForce,3311.4941096268417
S6_CvtnHipFlex_L3L4AnteroPosteriorForce,382.3047895630533
S6_CvtnHipFlex_L3L4MedioLateralForce,5.6281925339849606
S6_CvtnHipFlex_L3L4ProximoDistalForce,3259.6860722279484
S6_CvtnHipFlex_L4L5AnteroPosteriorForce,826.7217645003263
S6_CvtnHipFlex_L4L5MedioLateralForce,11.56545194543422
S6_CvtnHipFlex_L4L5ProximoDistalForce,3061.3954201540723
S6_CvtnHipFlex_L5SacrumAnteroPosteriorForce,987.6256483159477
S6_CvtnHipFlex_L5SacrumMedioLateralForce,13.587961056031407
S6_CvtnHipFlex_L5SacrumProximoDistalForce,2945.970621444052
S6_CvtnKneeFlexExtens_L1L2AnteroPosteriorForce,-629.091058889974
S6_CvtnKneeFlexExtens_L1L2MedioLateralForce,-19.807361869485174
S6_CvtnKneeFlexExtens_L1L2ProximoDistalForce,2293.8095629296795
S6_CvtnKneeFlexExtens_L2L3AnteroPosteriorForce,-329.5221927721806
S6_CvtnKneeFlexExtens_L2L3MedioLateralForce,-19.658702433035405
S6_CvtnKneeFlexExtens_L2L3ProximoDistalForce,2197.2744399668363
S6_CvtnKneeFlexExtens_L3L4AnteroPosteriorForce,242.7399368058962
S6_CvtnKneeFlexExtens_L3L4MedioLateralForce,-19.18893508726308
S6_CvtnKneeFlexExtens_L3L4ProximoDistalForce,2231.4850994013163
S6_CvtnKneeFlexExtens_L4L5AnteroPosteriorForce,535.5965188017963
S6_CvtnKneeFlexExtens_L4L5MedioLateralForce,0.3902675224275059
S6_CvtnKneeFlexExtens_L4L5ProximoDistalForce,2131.516557107615
S6_CvtnKneeFlexExtens_L5SacrumAnteroPosteriorForce,667.1295366952954
S6_CvtnKneeFlexExtens_L5SacrumMedioLateralForce,2.333082503328771
S6_CvtnKneeFlexExtens_L5SacrumProximoDistalForce,2070.8035847671053
S6_CvtnKneeRot_L1L2AnteroPosteriorForce,-1113.288336342294
S6_CvtnKneeRot_L1L2MedioLateralForce,-2.118465501196528
S6_CvtnKneeRot_L1L2ProximoDistalForce,4134.5769345958115
S6_CvtnKneeRot_L2L3AnteroPosteriorForce,-488.775460228493
S6_CvtnKneeRot_L2L3MedioLateralForce,9.853872525485793
S6_CvtnKneeRot_L2L3ProximoDistalForce,3813.7957472871276
S6_CvtnKneeRot_L3L4AnteroPosteriorForce,422.50629266626584
S6_CvtnKneeRot_L3L4MedioLateralForce,13.597715271208145
S6_CvtnKneeRot_L3L4ProximoDistalForce,3663.1583572369
S6_CvtnKneeRot_L4L5AnteroPosteriorForce,900.2734525731262
S6_CvtnKneeRot_L4L5MedioLateralForce,21.982054352345777
S6_CvtnKneeRot_L4L5ProximoDistalForce,3367.1483151266907
S6_CvtnKneeRot_L5SacrumAnteroPosteriorForce,1110.3931316808503
S6_CvtnKneeRot_L5SacrumMedioLateralForce,13.160793614981841
S6_CvtnKneeRot_L5SacrumProximoDistalForce,3187.3502560297657
S7_CobotDorsiPlantar_L1L2AnteroPosteriorForce,-912.2775641523469
S7_CobotDorsiPlantar_L1L2MedioLateralForce,38.18801693863261
S7_CobotDorsiPlantar_L1L2ProximoDistalForce,3311.624586797392
S7_CobotDorsiPlantar_L2L3AnteroPosteriorForce,-474.7642559934487
S7_CobotDorsiPlantar_L2L3MedioLateralForce,21.00730645060572
S7_CobotDorsiPlantar_L2L3ProximoDistalForce,3135.1477188527615
S7_CobotDorsiPlantar_L3L4AnteroPosteriorForce,313.6765497638418
S7_CobotDorsiPlantar_L3L4MedioLateralForce,-3.829218350048143
S7_CobotDorsiPlantar_L3L4ProximoDistalForce,3110.4846541752904
S7_CobotDorsiPlantar_L4L5AnteroPosteriorForce,712.4250997229569
S7_CobotDorsiPlantar_L4L5MedioLateralForce,-19.181614189233322
S7_CobotDorsiPlantar_L4L5ProximoDistalForce,2926.1679619424262
S7_CobotDorsiPlantar_L5SacrumAnteroPosteriorForce,923.2039814409086
S7_CobotDorsiPlantar_L5SacrumMedioLateralForce,-15.071340316803509
S7_CobotDorsiPlantar_L5SacrumProximoDistalForce,2843.090685701899
S7_CobotHipAbdAdd_L1L2AnteroPosteriorForce,-1112.1472060931142
S7_CobotHipAbdAdd_L1L2MedioLateralForce,-15.187634436422142
S7_CobotHipAbdAdd_L1L2ProximoDistalForce,3868.635364230127
S7_CobotHipAbdAdd_L2L3AnteroPosteriorForce,-537.6586572837869
S7_CobotHipAbdAdd_L2L3MedioLateralForce,-30.109384619522167
S7_CobotHipAbdAdd_L2L3ProximoDistalForce,3617.282795229271
S7_CobotHipAbdAdd_L3L4AnteroPosteriorForce,358.25053745466425
S7_CobotHipAbdAdd_L3L4MedioLateralForce,-43.291268990114126
S7_CobotHipAbdAdd_L3L4ProximoDistalForce,3529.6634988302612
S7_CobotHipAbdAdd_L4L5AnteroPosteriorForce,849.2956184645111
S7_CobotHipAbdAdd_L4L5MedioLateralForce,-20.286595368954625
S7_CobotHipAbdAdd_L4L5ProximoDistalForce,3268.0412395783883
S7_CobotHipAbdAdd_L5SacrumAnteroPosteriorForce,1073.9412098312557
S7_CobotHipAbdAdd_L5SacrumMedioLateralForce,-14.30499834973548
S7_CobotHipAbdAdd_L5SacrumProximoDistalForce,3124.1747621721993
S7_CobotHipFlex_L1L2AnteroPosteriorForce,-858.0838830280951
S7_CobotHipFlex_L1L2MedioLateralForce,-47.123312959824
S7_CobotHipFlex_L1L2ProximoDistalForce,3129.9889799340426
S7_CobotHipFlex_L2L3AnteroPosteriorForce,-451.3293938387833
S7_CobotHipFlex_L2L3MedioLateralForce,-36.86563168415145
S7_CobotHipFlex_L2L3ProximoDistalForce,2966.658549416223
S7_CobotHipFlex_L3L4AnteroPosteriorForce,280.38380543076926
S7_CobotHipFlex_L3L4MedioLateralForce,-16.472772201220845
S7_CobotHipFlex_L3L4ProximoDistalForce,2948.1906180946876
S7_CobotHipFlex_L4L5AnteroPosteriorForce,664.5837124600333
S7_CobotHipFlex_L4L5MedioLateralForce,6.637221782681589
S7_CobotHipFlex_L4L5ProximoDistalForce,2788.577931882507
S7_CobotHipFlex_L5SacrumAnteroPosteriorForce,882.0383024744093
S7_CobotHipFlex_L5SacrumMedioLateralForce,9.329457706121282
S7_CobotHipFlex_L5SacrumProximoDistalForce,2716.2788883461712
S7_CobotKneeFlexExtens_L1L2AnteroPosteriorForce,-934.0960974678001
S7_CobotKneeFlexExtens_L1L2MedioLateralForce,7.548969268166253
S7_CobotKneeFlexExtens_L1L2ProximoDistalForce,3519.0574872212655
S7_CobotKneeFlexExtens_L2L3AnteroPosteriorForce,-451.4936057290675
S7_CobotKneeFlexExtens_L2L3MedioLateralForce,13.61334520786902
S7_CobotKneeFlexExtens_L2L3ProximoDistalForce,3293.5372299062897
S7_CobotKneeFlexExtens_L3L4AnteroPosteriorForce,334.72923902563116
S7_CobotKneeFlexExtens_L3L4MedioLateralForce,16.907621488363084
S7_CobotKneeFlexExtens_L3L4ProximoDistalForce,3219.4606202530067
S7_CobotKneeFlexExtens_L4L5AnteroPosteriorForce,763.5701157714142
S7_CobotKneeFlexExtens_L4L5MedioLateralForce,17.736976962492832
S7_CobotKneeFlexExtens_L4L5ProximoDistalForce,3021.6474820893814
S7_CobotKneeFlexExtens_L5SacrumAnteroPosteriorForce,974.2499679305695
S7_CobotKneeFlexExtens_L5SacrumMedioLateralForce,20.68765631381428
S7_CobotKneeFlexExtens_L5SacrumProximoDistalForce,2909.135934184114
S7_CpstHipAbdAdd_L1L2AnteroPosteriorForce,-1050.3765323359903
S7_CpstHipAbdAdd_L1L2MedioLateralForce,19.68707134012742
S7_CpstHipAbdAdd_L1L2ProximoDistalForce,3935.4423292226443
S7_CpstHipAbdAdd_L2L3AnteroPosteriorForce,-446.697984907695
S7_CpstHipAbdAdd_L2L3MedioLateralForce,18.794424926834285
S7_CpstHipAbdAdd_L2L3ProximoDistalForce,3614.0422594778197
S7_CpstHipAbdAdd_L3L4AnteroPosteriorForce,374.015092915309
S7_CpstHipAbdAdd_L3L4MedioLateralForce,30.0198440793473
S7_CpstHipAbdAdd_L3L4ProximoDistalForce,3460.7617758097285
S7_CpstHipAbdAdd_L4L5AnteroPosteriorForce,840.3601596809733
S7_CpstHipAbdAdd_L4L5MedioLateralForce,-4.945130330304554
S7_CpstHipAbdAdd_L4L5ProximoDistalForce,3207.1750102460687
S7_CpstHipAbdAdd_L5SacrumAnteroPosteriorForce,1052.177778186233
S7_CpstHipAbdAdd_L5SacrumMedioLateralForce,-8.853680509180721
S7_CpstHipAbdAdd_L5SacrumProximoDistalForce,3060.2265720109376
S7_CpstHipFlex_L1L2AnteroPosteriorForce,-883.7691339219845
S7_CpstHipFlex_L1L2MedioLateralForce,31.227763539398225
S7_CpstHipFlex_L1L2ProximoDistalForce,3228.62565845747
S7_CpstHipFlex_L2L3AnteroPosteriorForce,-441.54276500259425
S7_CpstHipFlex_L2L3MedioLateralForce,9.286655870732874
S7_CpstHipFlex_L2L3ProximoDistalForce,3036.4175064418005
S7_CpstHipFlex_L3L4AnteroPosteriorForce,297.14380894780163
S7_CpstHipFlex_L3L4MedioLateralForce,-17.797459003320466
S7_CpstHipFlex_L3L4ProximoDistalForce,2996.5149887594607
S7_CpstHipFlex_L4L5AnteroPosteriorForce,672.7458545730361
S7_CpstHipFlex_L4L5MedioLateralForce,-33.63715553778217
S7_CpstHipFlex_L4L5ProximoDistalForce,2819.3358203744465
S7_CpstHipFlex_L5SacrumAnteroPosteriorForce,877.9652784121669
S7_CpstHipFlex_L5SacrumMedioLateralForce,-25.92050910262315
S7_CpstHipFlex_L5SacrumProximoDistalForce,2753.2599794828693
S7_CpstKneeRot_L1L2AnteroPosteriorForce,-1770.9950436879612
S7_CpstKneeRot_L1L2MedioLateralForce,16.763515984516637
S7_CpstKneeRot_L1L2ProximoDistalForce,5949.96667156807
S7_CpstKneeRot_L2L3AnteroPosteriorForce,-1025.6212396247452
S7_CpstKneeRot_L2L3MedioLateralForce,-95.92635667629801
S7_CpstKneeRot_L2L3ProximoDistalForce,5823.3232956393385
S7_CpstKneeRot_L3L4AnteroPosteriorForce,328.6759545022898
S7_CpstKneeRot_L3L4MedioLateralForce,-92.64072734691953
S7_CpstKneeRot_L3L4ProximoDistalForce,5790.350141193919
S7_CpstKneeRot_L4L5AnteroPosteriorForce,1121.965887769849
S7_CpstKneeRot_L4L5MedioLateralForce,-108.93512604329474
S7_CpstKneeRot_L4L5ProximoDistalForce,5797.830841187662
S7_CpstKneeRot_L5SacrumAnteroPosteriorForce,1573.7388459494534
S7_CpstKneeRot_L5SacrumMedioLateralForce,-3.306349404263337
S7_CpstKneeRot_L5SacrumProximoDistalForce,5899.46461812062
S7_CvtnDorsiPlantar_L1L2AnteroPosteriorForce,-1044.7261191567948
S7_CvtnDorsiPlantar_L1L2MedioLateralForce,60.26061394411985
S7_CvtnDorsiPlantar_L1L2ProximoDistalForce,3816.6801802061077
S7_CvtnDorsiPlantar_L2L3AnteroPosteriorForce,-473.97712074975334
S7_CvtnDorsiPlantar_L2L3MedioLateralForce,26.68656721616835
S7_CvtnDorsiPlantar_L2L3ProximoDistalForce,3529.848873383623
S7_CvtnDorsiPlantar_L3L4AnteroPosteriorForce,341.17617555398493
S7_CvtnDorsiPlantar_L3L4MedioLateralForce,14.162912787154331
S7_CvtnDorsiPlantar_L3L4ProximoDistalForce,3413.1112217876075
S7_CvtnDorsiPlantar_L4L5AnteroPosteriorForce,797.6466523452682
S7_CvtnDorsiPlantar_L4L5MedioLateralForce,-27.79857144173533
S7_CvtnDorsiPlantar_L4L5ProximoDistalForce,3172.251727280974
S7_CvtnDorsiPlantar_L5SacrumAnteroPosteriorForce,1023.7341262398436
S7_CvtnDorsiPlantar_L5SacrumMedioLateralForce,-28.867310745014034
S7_CvtnDorsiPlantar_L5SacrumProximoDistalForce,3055.1695328151204
S7_CvtnHipAbdAdd_L1L2AnteroPosteriorForce,-1703.2215158052666
S7_CvtnHipAbdAdd_L1L2MedioLateralForce,-20.054256345935976
S7_CvtnHipAbdAdd_L1L2ProximoDistalForce,5743.3784711003655
S7_CvtnHipAbdAdd_L2L3AnteroPosteriorForce,-837.9190178441372
S7_CvtnHipAbdAdd_L2L3MedioLateralForce,-27.587907315924717
S7_CvtnHipAbdAdd_L2L3ProximoDistalForce,5534.810149118952
S7_CvtnHipAbdAdd_L3L4AnteroPosteriorForce,357.9547447090358
S7_CvtnHipAbdAdd_L3L4MedioLateralForce,11.625488106107463
S7_CvtnHipAbdAdd_L3L4ProximoDistalForce,5422.38602019684
S7_CvtnHipAbdAdd_L4L5AnteroPosteriorForce,1203.8181721030435
S7_CvtnHipAbdAdd_L4L5MedioLateralForce,-29.071932044502493
S7_CvtnHipAbdAdd_L4L5ProximoDistalForce,5244.83096638497
S7_CvtnHipAbdAdd_L5SacrumAnteroPosteriorForce,1586.2725375508783
S7_CvtnHipAbdAdd_L5SacrumMedioLateralForce,22.26006187356488
S7_CvtnHipAbdAdd_L5SacrumProximoDistalForce,5159.781181605127
S7_CvtnHipFlex_L1L2AnteroPosteriorForce,-920.9639828909586
S7_CvtnHipFlex_L1L2MedioLateralForce,-13.90909487757627
S7_CvtnHipFlex_L1L2ProximoDistalForce,3329.1646877527946
S7_CvtnHipFlex_L2L3AnteroPosteriorForce,-475.5804907816046
S7_CvtnHipFlex_L2L3MedioLateralForce,-8.630826587199696
S7_CvtnHipFlex_L2L3ProximoDistalForce,3150.3399808558147
S7_CvtnHipFlex_L3L4AnteroPosteriorForce,297.8337193533476
S7_CvtnHipFlex_L3L4MedioLateralForce,5.623798448589636
S7_CvtnHipFlex_L3L4ProximoDistalForce,3116.1148079163945
S7_CvtnHipFlex_L4L5AnteroPosteriorForce,692.0896386732055
S7_CvtnHipFlex_L4L5MedioLateralForce,11.727236505980683
S7_CvtnHipFlex_L4L5ProximoDistalForce,2930.994688886695
S7_CvtnHipFlex_L5SacrumAnteroPosteriorForce,912.2283032264812
S7_CvtnHipFlex_L5SacrumMedioLateralForce,3.3554717564905134
S7_CvtnHipFlex_L5SacrumProximoDistalForce,2860.070131382781
S7_CvtnKneeFlexExtens_L1L2AnteroPosteriorForce,-1025.714383995646
S7_CvtnKneeFlexExtens_L1L2MedioLateralForce,-64.42041346629661
S7_CvtnKneeFlexExtens_L1L2ProximoDistalForce,3651.2337483907604
S7_CvtnKneeFlexExtens_L2L3AnteroPosteriorForce,-478.6745817378171
S7_CvtnKneeFlexExtens_L2L3MedioLateralForce,-64.0920926208492
S7_CvtnKneeFlexExtens_L2L3ProximoDistalForce,3461.9873316909902
S7_CvtnKneeFlexExtens_L3L4AnteroPosteriorForce,372.0240286141015
S7_CvtnKneeFlexExtens_L3L4MedioLateralForce,-57.819505169491556
S7_CvtnKneeFlexExtens_L3L4ProximoDistalForce,3384.218932196747
S7_CvtnKneeFlexExtens_L4L5AnteroPosteriorForce,817.1926372809555
S7_CvtnKneeFlexExtens_L4L5MedioLateralForce,-20.84005397395184
S7_CvtnKneeFlexExtens_L4L5ProximoDistalForce,3160.0773268408434
S7_CvtnKneeFlexExtens_L5SacrumAnteroPosteriorForce,996.5522829082394
S7_CvtnKneeFlexExtens_L5SacrumMedioLateralForce,-1.9755405004058193
S7_CvtnKneeFlexExtens_L5SacrumProximoDistalForce,3043.995651706272
S7_CvtnKneeRot_L1L2AnteroPosteriorForce,-1147.0981673142678
S7_CvtnKneeRot_L1L2MedioLateralForce,44.59298710797237
S7_CvtnKneeRot_L1L2ProximoDistalForce,4181.253476356978
S7_CvtnKneeRot_L2L3AnteroPosteriorForce,-508.64426342504646
S7_CvtnKneeRot_L2L3MedioLateralForce,37.48623037080599
S7_CvtnKneeRot_L2L3ProximoDistalForce,3901.5086317409528
S7_CvtnKneeRot_L3L4AnteroPosteriorForce,418.07041830024355
S7_CvtnKneeRot_L3L4MedioLateralForce,21.644385838984036
S7_CvtnKneeRot_L3L4ProximoDistalForce,3768.1482195258395
S7_CvtnKneeRot_L4L5AnteroPosteriorForce,910.2322580951508
S7_CvtnKneeRot_L4L5MedioLateralForce,11.184595448223728
S7_CvtnKneeRot_L4L5ProximoDistalForce,3463.1948408911653
S7_CvtnKneeRot_L5SacrumAnteroPosteriorForce,1124.4894734781633
S7_CvtnKneeRot_L5SacrumMedioLateralForce,6.36661545157455
S7_CvtnKneeRot_L5SacrumProximoDistalForce,3303.907475954458
